{
  "32": {
    "p": 2786035199,
    "a": 51016516,
    "b": 2185363664,
    "n": 2786064251,
    "G_xy": [
      672793040,
      2269103569
    ],
    "candidates": 43,
    "sea_runs": 43,
    "gen_time": 0.06381344795227051
  },
  "40": {
    "p": 696676849667,
    "a": 117510864672,
    "b": 608566364394,
    "n": 696677404117,
    "G_xy": [
      74126815521,
      235474348420
    ],
    "candidates": 50,
    "sea_runs": 50,
    "gen_time": 0.06602168083190918
  },
  "48": {
    "p": 183697331409577,
    "a": 179954138900895,
    "b": 45849564335211,
    "n": 183697308090533,
    "G_xy": [
      132020972057916,
      50122718111061
    ],
    "candidates": 84,
    "sea_runs": 84,
    "gen_time": 0.3047676086425781
  }
}